{
  "dataset": "CONTRATICO EN-ES",
  "model": "Qwen3-4B",
  "variant": "factcoverage (E3)",
  "baseline_coverage": {
    "mean": 0.9581824279007378,
    "median": 1.0,
    "threshold": 0.7
  },
  "perturbation_scores": {
    "synonym": {
      "e3_f1": 0.8423215137055724,
      "e3_em": 0.7318999868273727,
      "baseline_f1": 0.7669499016507103,
      "baseline_em": 0.5497728167149654,
      "delta_f1": 0.07537161205486209
    },
    "expansion_noimpact": {
      "e3_f1": 0.8623036470584424,
      "e3_em": 0.7393882001836547,
      "baseline_f1": 0.7899128317080416,
      "baseline_em": 0.5554653679653679,
      "delta_f1": 0.07239081535040082
    },
    "omission": {
      "e3_f1": 0.7147768213362286,
      "e3_em": 0.6102843915343915,
      "baseline_f1": 0.673279541739913,
      "baseline_em": 0.45377957105135525,
      "delta_f1": 0.04149727959631555
    },
    "alteration": {
      "e3_f1": 0.44358609465850757,
      "e3_em": 0.3377737525632263,
      "baseline_f1": 0.4442073851556286,
      "baseline_em": 0.24031628825932624,
      "delta_f1": -0.0006212904971210076
    }
  },
  "question_quality": {
    "avg_q": 2.942,
    "empty": 3,
    "duplicates": 5,
    "n": 500
  },
  "qg_time_seconds": 0.0014271736145019531
}