{
  "target_lang": "en-es",
  "critical_perturbations": [
    "omission",
    "alteration"
  ],
  "minimal_perturbations": [
    "synonym",
    "expansion_noimpact"
  ],
  "results": [
    {
      "pipeline": "vanilla",
      "anscheck_type": null,
      "metrics": {
        "sbert": {
          "avg_diff_between": 0.03870132016160486,
          "diff_between_count": 1952,
          "avg_diff_within": 0.028873859733982207,
          "diff_within_count": 983
        },
        "f1": {
          "avg_diff_between": 0.06822574426084606,
          "diff_between_count": 1952,
          "avg_diff_within": 0.050051793077877486,
          "diff_within_count": 983
        },
        "em": {
          "avg_diff_between": 0.08738187881026717,
          "diff_between_count": 1952,
          "avg_diff_within": 0.07327630085604936,
          "diff_within_count": 983
        },
        "chrf": {
          "avg_diff_between": 595.083741734337,
          "diff_between_count": 1952,
          "avg_diff_within": 416.96716912716107,
          "diff_within_count": 983
        },
        "bleu": {
          "avg_diff_between": 749.008360505276,
          "diff_between_count": 1952,
          "avg_diff_within": 560.0899040999186,
          "diff_within_count": 983
        }
      }
    },
    {
      "pipeline": "atomic",
      "anscheck_type": null,
      "metrics": {
        "sbert": {
          "avg_diff_between": 0.04567936641742007,
          "diff_between_count": 1888,
          "avg_diff_within": 0.03080614934159893,
          "diff_within_count": 956
        },
        "f1": {
          "avg_diff_between": 0.17286128487431962,
          "diff_between_count": 1888,
          "avg_diff_within": 0.11625460878650734,
          "diff_within_count": 956
        },
        "em": {
          "avg_diff_between": 0.1847894367146972,
          "diff_between_count": 1888,
          "avg_diff_within": 0.1335763673475879,
          "diff_within_count": 956
        },
        "chrf": {
          "avg_diff_between": 1629.2829475388514,
          "diff_between_count": 1888,
          "avg_diff_within": 1106.4353505537313,
          "diff_within_count": 956
        },
        "bleu": {
          "avg_diff_between": 1778.6694930145682,
          "diff_between_count": 1888,
          "avg_diff_within": 1200.5974933753446,
          "diff_within_count": 956
        }
      }
    },
    {
      "pipeline": "anscheck",
      "anscheck_type": "longformer",
      "metrics": {
        "sbert": {
          "avg_diff_between": 0.041154765771634724,
          "diff_between_count": 1844,
          "avg_diff_within": 0.03366406564865365,
          "diff_within_count": 934
        },
        "f1": {
          "avg_diff_between": 0.07280709148098927,
          "diff_between_count": 1844,
          "avg_diff_within": 0.05686396373672509,
          "diff_within_count": 934
        },
        "em": {
          "avg_diff_between": 0.09257533318822848,
          "diff_between_count": 1844,
          "avg_diff_within": 0.08023335645821494,
          "diff_within_count": 934
        },
        "chrf": {
          "avg_diff_between": 615.6787976898269,
          "diff_between_count": 1844,
          "avg_diff_within": 462.04539423087067,
          "diff_within_count": 934
        },
        "bleu": {
          "avg_diff_between": 779.5230022658187,
          "diff_between_count": 1844,
          "avg_diff_within": 627.7153591481507,
          "diff_within_count": 934
        }
      }
    },
    {
      "pipeline": "anscheck",
      "anscheck_type": "electra",
      "metrics": {
        "sbert": {
          "avg_diff_between": 0.043606470801283936,
          "diff_between_count": 459,
          "avg_diff_within": 0.0,
          "diff_within_count": 0
        },
        "f1": {
          "avg_diff_between": 0.07733758220655605,
          "diff_between_count": 459,
          "avg_diff_within": 0.0,
          "diff_within_count": 0
        },
        "em": {
          "avg_diff_between": 0.10541415331564721,
          "diff_between_count": 459,
          "avg_diff_within": 0.0,
          "diff_within_count": 0
        },
        "chrf": {
          "avg_diff_between": 645.730594646672,
          "diff_between_count": 459,
          "avg_diff_within": 0.0,
          "diff_within_count": 0
        },
        "bleu": {
          "avg_diff_between": 847.7322590052198,
          "diff_between_count": 459,
          "avg_diff_within": 0.0,
          "diff_within_count": 0
        }
      }
    }
  ]
}